"prov","post.prov","elpd"
"AB","AB",-0.749730808473305
"IN","IN",-0.815477293365042
"IPU","IPU",-0.652013892417872
"NB2","NB2",-0.804171307749441
"ON","ON",-0.733055707490044
"QC","QC",-0.692486857559968
